{"Stromae": {"mean": 0.17142857142857143}, "Takashi Shimura": {"mean": 0.1927922077922078}, "Tyler Ward": {"mean": -0.07604166666666667}, "Courtney B. Vance": {"mean": -0.042449494949494945}, "Anna Clendening": {"mean": 0.06870555040197897}, "Jerry Levine": {"mean": 0.16}, "Luenell": {"mean": 0.2189814814814815}, "Liza Minnelli": {"mean": 0.044389204545454544}, "Jo Hartley": {"mean": 0.06041666666666665}, "James Taylor": {"mean": 0.12803030303030302}, "AJ Rafael": {"mean": 0.07390109890109889}, "Danny Jones": {"mean": 0.22914141414141417}, "Rob Cohen": {"mean": 0.016899766899766896}, "Julian Firth": {"mean": -0.13333333333333333}, "Sian Lilly": {"mean": 0.13166666666666665}, "Gordon MacRae": {"mean": 0.22515432098765434}, "Nordeltus": {"mean": -0.011458333333333334}, "Smyth": {"mean": 0.2198051948051948}, "Elly Jackson": {"mean": 0.09577777777777778}, "Tyler Patrick Jones": {"mean": 0.0}, "Katherine Woodville": {"mean": 0.4135416666666667}, "Frank Overton": {"mean": 0.0}, "Lesley Manville": {"mean": 0.2372222222222223}, "Frank Welker": {"mean": -0.12430555555555556}, "Billie 'Buckwheat' Thomas": {"mean": 0.3333333333333333}, "Charles Levin": {"mean": 0.045}, "Richard Harrington": {"mean": 0.048992673992674}, "Wei Zhao": {"mean": 0.14107142857142857}, "Vladek Sheybal": {"mean": 0.22604166666666667}, "Samm Levine": {"mean": 0.08733766233766234}, "Gibbster": {"mean": 0.04229629629629629}, "Julia Campbell": {"mean": 0.20777777777777776}, "Jason Lively": {"mean": 0.21965831787260356}, "Malina Weissman": {"mean": -0.028571428571428574}, "Julius Carry": {"mean": 0.04333333333333333}, "Momo": {"mean": 0.0}, "Jeff Osterhage": {"mean": 0.18333333333333335}, "Titus Welliver": {"mean": 0.3290555555555556}, "Myrna Fahey": {"mean": 0.0}, "Jaimie Alexander": {"mean": 0.0}, "Marlon Jackson": {"mean": 0.1388888888888889}, "Christina Grimmie (1994-2016)": {"mean": 0.25}, "Meg Turney": {"mean": 0.0}, "Smooth Gio": {"mean": 0.3569444444444445}, "Jessie Paege": {"mean": 0.16242424242424242}, "RobertIDK": {"mean": 0.08494949494949496}, "Atif Aslam": {"mean": 0.08333333333333333}, "Kinga Sawczuk": {"mean": 0.15000000000000002}, "JoJoe": {"mean": 0.06944444444444445}, "Rhys Coiro": {"mean": 0.13636363636363635}, "Chris Sanders": {"mean": 0.0}, "Anna Zak": {"mean": -0.012499999999999997}, "Luis Gerardo M\u00e9ndez": {"mean": 0.0}, "Sara Lane": {"mean": 0.02308441558441558}, "Mitt Romney": {"mean": -0.1657142857142857}, "Jason Beghe": {"mean": 0.033333333333333326}, "Junsun Yoo": {"mean": -0.025}, "Anna Bj\u00f6rk": {"mean": 0.15549242424242424}, "Conner Dennis": {"mean": 0.08125}, "Barbara Feldon": {"mean": 0.1755140692640693}, "Ayla Weissman": {"mean": 0.0}, "Andrea Brillantes": {"mean": 0.15183986686390533}, "Catelynn Lowell": {"mean": -0.0033333333333333335}, "Dean Cundey": {"mean": 0.11309523809523811}, "Lewis Blissett": {"mean": -0.37164710289710295}, "Masuimi Max": {"mean": 0.17045454545454544}, "Hana Giraldo": {"mean": 0.3352272727272727}, "Jon Provost": {"mean": 0.2777056277056277}, "Taylor Johnson": {"mean": 0.06574175824175824}, "Camille Anderson": {"mean": 0.3016666666666667}, "Haminations": {"mean": 0.04158730158730159}, "Rick Worthy": {"mean": 0.24423076923076922}, "Scrapp Deleon": {"mean": 0.525}, "Shreya Ghoshal": {"mean": 0.4230769230769231}, "Bjarne M\u00e4del": {"mean": 0.0}, "Christina Grimmie": {"mean": -0.08125}, "Googie Withers": {"mean": 0.21005291005291005}, "ApoRed": {"mean": -0.02}, "Aaron Eckhart": {"mean": 0.036904761904761905}, "Grande": {"mean": 0.031818181818181815}}